wallet_address,release_amount,contract_title,email_address
0x9Dab45096b24c86249D8F4b0973B28076D2648f4,1,,test@calamus.finance
0x9Dab45096b24c86249D8F4b0973B28076D2648f4,1,,test@calamus.finance
0x9Dab45096b24c86249D8F4b0973B28076D2648f4,1,,test@calamus.finance
0x9Dab45096b24c86249D8F4b0973B28076D2648f4,1,,test@calamus.finance
0x9Dab45096b24c86249D8F4b0973B28076D2648f4,1,,test@calamus.finance
0x9Dab45096b24c86249D8F4b0973B28076D2648f4,1,,test@calamus.finance
0x9Dab45096b24c86249D8F4b0973B28076D2648f4,1,,test@calamus.finance
0x9Dab45096b24c86249D8F4b0973B28076D2648f4,1,,test@calamus.finance
0x9Dab45096b24c86249D8F4b0973B28076D2648f4,1,,test@calamus.finance
0x9Dab45096b24c86249D8F4b0973B28076D2648f4,1,,test@calamus.finance
0x9Dab45096b24c86249D8F4b0973B28076D2648f4,1,,test@calamus.finance
0x9Dab45096b24c86249D8F4b0973B28076D2648f4,1,,test@calamus.finance
0x9Dab45096b24c86249D8F4b0973B28076D2648f4,1,,test@calamus.finance
0x9Dab45096b24c86249D8F4b0973B28076D2648f4,1,,test@calamus.finance
0x9Dab45096b24c86249D8F4b0973B28076D2648f4,1,,test@calamus.finance
0x9Dab45096b24c86249D8F4b0973B28076D2648f4,1,,test@calamus.finance
0x9Dab45096b24c86249D8F4b0973B28076D2648f4,1,,test@calamus.finance
0x9Dab45096b24c86249D8F4b0973B28076D2648f4,1,,test@calamus.finance
0x9Dab45096b24c86249D8F4b0973B28076D2648f4,1,,test@calamus.finance
0x9Dab45096b24c86249D8F4b0973B28076D2648f4,1,,test@calamus.finance
0x9Dab45096b24c86249D8F4b0973B28076D2648f4,1,,test@calamus.finance
0x9Dab45096b24c86249D8F4b0973B28076D2648f4,1,,test@calamus.finance
0x9Dab45096b24c86249D8F4b0973B28076D2648f4,1,,test@calamus.finance
0x9Dab45096b24c86249D8F4b0973B28076D2648f4,1,,test@calamus.finance
0x9Dab45096b24c86249D8F4b0973B28076D2648f4,1,,test@calamus.finance
0x9Dab45096b24c86249D8F4b0973B28076D2648f4,1,,test@calamus.finance
0x9Dab45096b24c86249D8F4b0973B28076D2648f4,1,,test@calamus.finance
0x9Dab45096b24c86249D8F4b0973B28076D2648f4,1,,test@calamus.finance
0x9Dab45096b24c86249D8F4b0973B28076D2648f4,1,,test@calamus.finance